-- phpMyAdmin SQL Dump
-- version 5.2.0
-- https://www.phpmyadmin.net/
--
-- Servidor: localhost
-- Tiempo de generación: 26-10-2022 a las 13:41:46
-- Versión del servidor: 10.4.24-MariaDB
-- Versión de PHP: 8.1.6

SET SQL_MODE = "NO_AUTO_VALUE_ON_ZERO";
START TRANSACTION;
SET time_zone = "+00:00";


/*!40101 SET @OLD_CHARACTER_SET_CLIENT=@@CHARACTER_SET_CLIENT */;
/*!40101 SET @OLD_CHARACTER_SET_RESULTS=@@CHARACTER_SET_RESULTS */;
/*!40101 SET @OLD_COLLATION_CONNECTION=@@COLLATION_CONNECTION */;
/*!40101 SET NAMES utf8mb4 */;

--
-- Base de datos: `pos`
--

-- --------------------------------------------------------

--
-- Estructura de tabla para la tabla `categorias`
--

CREATE TABLE `categorias` (
  `id` int(11) NOT NULL,
  `categoria` text COLLATE utf8_spanish_ci NOT NULL,
  `fecha` timestamp NOT NULL DEFAULT current_timestamp() ON UPDATE current_timestamp()
) ENGINE=InnoDB DEFAULT CHARSET=utf8 COLLATE=utf8_spanish_ci;

--
-- Volcado de datos para la tabla `categorias`
--

INSERT INTO `categorias` (`id`, `categoria`, `fecha`) VALUES
(1, 'CABEZAL PILOTO CALEFACTOR', '2022-10-26 00:23:08'),
(2, 'CABEZAL PILOTO TERMOTANQUE', '2022-10-26 00:23:18'),
(3, 'CABEZAL PILOTO CALEFON', '2022-10-26 00:23:30'),
(4, 'INYECTORES COCINA', '2022-10-26 00:23:46'),
(5, 'INYECTORES TERMOTANQUE', '2022-10-26 00:23:56'),
(6, 'INYECTORES CALEFON', '2022-10-26 00:24:16'),
(7, 'CAMARAS DE AGUA CALEFON', '2022-10-26 00:24:34'),
(8, 'RESISTENCIAS TERMOTANQUES', '2022-10-26 00:25:09'),
(9, 'TERMOSTATOS TERMOTANQUE', '2022-10-26 00:25:26');

-- --------------------------------------------------------

--
-- Estructura de tabla para la tabla `clientes`
--

CREATE TABLE `clientes` (
  `id` int(11) NOT NULL,
  `nombre` text COLLATE utf8_spanish_ci NOT NULL,
  `documento` int(11) NOT NULL,
  `email` text COLLATE utf8_spanish_ci NOT NULL,
  `telefono` text COLLATE utf8_spanish_ci NOT NULL,
  `direccion` text COLLATE utf8_spanish_ci NOT NULL,
  `fecha_nacimiento` date NOT NULL,
  `compras` int(11) NOT NULL DEFAULT 0,
  `ultima_compra` datetime DEFAULT NULL,
  `fecha` timestamp NOT NULL DEFAULT current_timestamp() ON UPDATE current_timestamp()
) ENGINE=InnoDB DEFAULT CHARSET=utf8 COLLATE=utf8_spanish_ci;

--
-- Volcado de datos para la tabla `clientes`
--

INSERT INTO `clientes` (`id`, `nombre`, `documento`, `email`, `telefono`, `direccion`, `fecha_nacimiento`, `compras`, `ultima_compra`, `fecha`) VALUES
(3, 'Juan Villegas', 2147483647, 'juan@hotmail.com', '(300) 341-2345', 'Calle 23 # 45 - 56', '1980-11-02', 6, '2022-10-25 20:22:12', '2022-10-26 01:22:12'),
(4, 'Pedro Pérez', 2147483647, 'pedro@gmail.com', '(399) 876-5432', 'Calle 34 N33 -56', '1970-08-07', 25, '2022-08-31 21:55:50', '2022-09-01 02:55:50'),
(5, 'Miguel Murillo', 325235235, 'miguel@hotmail.com', '(254) 545-3446', 'calle 34 # 34 - 23', '1976-03-04', 32, '2017-12-26 17:27:13', '2017-12-27 04:38:13'),
(6, 'Margarita Londoño', 34565432, 'margarita@hotmail.com', '(344) 345-6678', 'Calle 45 # 34 - 56', '1976-11-30', 14, '2017-12-26 16:26:51', '2021-06-30 04:19:52'),
(7, 'Julian Ramirez', 786786545, 'julian@hotmail.com', '(675) 674-5453', 'Carrera 45 # 54 - 56', '1980-04-05', 14, '2017-12-26 17:26:28', '2017-12-26 22:26:28'),
(8, 'Stella Jaramillo', 65756735, 'stella@gmail.com', '(435) 346-3463', 'Carrera 34 # 45- 56', '1956-06-05', 18, '2022-09-02 12:15:58', '2022-09-02 17:15:58'),
(9, 'Eduardo López', 2147483647, 'eduardo@gmail.com', '(534) 634-6565', 'Carrera 67 # 45sur', '1978-03-04', 12, '2017-12-26 17:25:33', '2017-12-26 22:25:33'),
(10, 'Ximena Restrepo', 436346346, 'ximena@gmail.com', '(543) 463-4634', 'calle 45 # 23 - 45', '1956-03-04', 18, '2017-12-26 17:25:08', '2017-12-26 22:25:08'),
(11, 'David Guzman', 43634643, 'david@hotmail.com', '(354) 574-5634', 'carrera 45 # 45 ', '1967-05-04', 10, '2017-12-26 17:24:50', '2017-12-26 22:24:50'),
(12, 'Gonzalo Pérez', 436346346, 'gonzalo@yahoo.com', '(235) 346-3464', 'Carrera 34 # 56 - 34', '1967-08-09', 27, '0000-00-00 00:00:00', '2022-10-26 02:44:56'),
(13, 'Jaqueline QR', 55555, 'jaque@youmail.com', '(222) 333-4444', 'Av. Brasil 23', '1992-05-05', 1, '2022-10-25 21:26:22', '2022-10-26 02:26:22');

-- --------------------------------------------------------

--
-- Estructura de tabla para la tabla `productos`
--

CREATE TABLE `productos` (
  `id` int(11) NOT NULL,
  `id_categoria` int(11) NOT NULL,
  `codigo` text COLLATE utf8_spanish_ci NOT NULL,
  `descripcion` text COLLATE utf8_spanish_ci NOT NULL,
  `imagen` text COLLATE utf8_spanish_ci NOT NULL,
  `stock` int(11) NOT NULL,
  `precio_compra` float NOT NULL,
  `precio_venta` float NOT NULL,
  `ventas` int(11) NOT NULL DEFAULT 0,
  `fecha` timestamp NOT NULL DEFAULT current_timestamp() ON UPDATE current_timestamp()
) ENGINE=InnoDB DEFAULT CHARSET=utf8 COLLATE=utf8_spanish_ci;

--
-- Volcado de datos para la tabla `productos`
--

INSERT INTO `productos` (`id`, `id_categoria`, `codigo`, `descripcion`, `imagen`, `stock`, `precio_compra`, `precio_venta`, `ventas`, `fecha`) VALUES
(1, 1, '101', 'Aspiradora Industrial ', 'vistas/img/productos/101/105.png', 13, 1000, 1200, 2, '2022-10-26 01:22:12'),
(2, 1, '102', 'Plato Flotante para Allanadora', 'vistas/img/productos/102/940.jpg', 5, 4500, 6300, 4, '2022-10-26 01:22:12'),
(3, 1, '103', 'Compresor de Aire para pintura', 'vistas/img/productos/103/763.jpg', 8, 3000, 4200, 12, '2022-10-26 01:22:12'),
(4, 1, '104', 'Cortadora de Adobe sin Disco ', 'vistas/img/productos/104/957.jpg', 16, 4000, 5600, 4, '2017-12-26 15:03:22'),
(5, 1, '105', 'Cortadora de Piso sin Disco ', 'vistas/img/productos/105/630.jpg', 13, 1540, 2156, 7, '2017-12-26 15:03:22'),
(6, 1, '106', 'Disco Punta Diamante ', 'vistas/img/productos/106/635.jpg', 15, 1100, 1540, 5, '2017-12-26 15:04:38'),
(7, 1, '107', 'Extractor de Aire ', 'vistas/img/productos/107/848.jpg', 12, 1540, 2156, 8, '2017-12-26 15:04:11'),
(8, 1, '108', 'Guadañadora ', 'vistas/img/productos/108/163.jpg', 13, 1540, 2156, 7, '2017-12-26 15:03:52'),
(9, 1, '109', 'Hidrolavadora Eléctrica ', 'vistas/img/productos/109/769.jpg', 15, 2600, 3640, 5, '2022-09-01 02:57:59'),
(10, 1, '110', 'Hidrolavadora Gasolina', 'vistas/img/productos/110/582.jpg', 18, 2210, 3094, 2, '2022-09-01 02:57:59'),
(11, 1, '111', 'Motobomba a Gasolina', 'vistas/img/productos/default/anonymous.png', 20, 2860, 4004, 0, '2017-12-21 21:56:28'),
(12, 1, '112', 'Motobomba El?ctrica', 'vistas/img/productos/default/anonymous.png', 20, 2400, 3360, 0, '2017-12-21 21:56:28'),
(13, 1, '113', 'Sierra Circular ', 'vistas/img/productos/default/anonymous.png', 20, 1100, 1540, 0, '2017-12-21 21:56:28'),
(14, 1, '114', 'Disco de tugsteno para Sierra circular', 'vistas/img/productos/default/anonymous.png', 20, 4500, 6300, 0, '2017-12-21 21:56:28'),
(15, 1, '115', 'Soldador Electrico ', 'vistas/img/productos/default/anonymous.png', 20, 1980, 2772, 0, '2017-12-21 21:56:28'),
(16, 1, '116', 'Careta para Soldador', 'vistas/img/productos/default/anonymous.png', 20, 4200, 5880, 0, '2017-12-21 21:56:28'),
(17, 1, '117', 'Torre de iluminacion ', 'vistas/img/productos/default/anonymous.png', 20, 1800, 2520, 0, '2017-12-21 21:56:28'),
(18, 2, '201', 'Martillo Demoledor de Piso 110V', 'vistas/img/productos/default/anonymous.png', 20, 5600, 7840, 0, '2017-12-21 21:56:28'),
(19, 2, '202', 'Muela o cincel martillo demoledor piso', 'vistas/img/productos/default/anonymous.png', 20, 9600, 13440, 0, '2017-12-21 21:56:28'),
(20, 2, '203', 'Taladro Demoledor de muro 110V', 'vistas/img/productos/default/anonymous.png', 20, 3850, 5390, 0, '2017-12-21 21:56:28'),
(21, 2, '204', 'Muela o cincel martillo demoledor muro', 'vistas/img/productos/default/anonymous.png', 20, 9600, 13440, 0, '2017-12-21 21:56:28'),
(22, 2, '205', 'Taladro Percutor de 1/2 Madera y Metal', 'vistas/img/productos/default/anonymous.png', 20, 8000, 11200, 0, '2017-12-21 22:28:24'),
(23, 2, '206', 'Taladro Percutor SDS Plus 110V', 'vistas/img/productos/default/anonymous.png', 20, 3900, 5460, 0, '2017-12-21 21:56:28'),
(24, 2, '207', 'Taladro Percutor SDS Max 110V (Mineria)', 'vistas/img/productos/default/anonymous.png', 20, 4600, 6440, 0, '2017-12-21 21:56:28'),
(25, 3, '301', 'Andamio colgante', 'vistas/img/productos/default/anonymous.png', 20, 1440, 2016, 0, '2017-12-21 21:56:28'),
(26, 3, '302', 'Distanciador andamio colgante', 'vistas/img/productos/default/anonymous.png', 20, 1600, 2240, 0, '2017-12-21 21:56:28'),
(27, 3, '303', 'Marco andamio modular ', 'vistas/img/productos/default/anonymous.png', 20, 900, 1260, 0, '2017-12-21 21:56:28'),
(28, 3, '304', 'Marco andamio tijera', 'vistas/img/productos/default/anonymous.png', 20, 100, 140, 0, '2017-12-21 21:56:28'),
(29, 3, '305', 'Tijera para andamio', 'vistas/img/productos/default/anonymous.png', 20, 162, 226, 0, '2017-12-21 21:56:28'),
(30, 3, '306', 'Escalera interna para andamio', 'vistas/img/productos/default/anonymous.png', 20, 270, 378, 0, '2017-12-21 21:56:28'),
(31, 3, '307', 'Pasamanos de seguridad', 'vistas/img/productos/default/anonymous.png', 20, 75, 105, 0, '2017-12-21 21:56:28'),
(32, 3, '308', 'Rueda giratoria para andamio', 'vistas/img/productos/default/anonymous.png', 20, 168, 235, 0, '2017-12-21 21:56:28'),
(33, 3, '309', 'Arnes de seguridad', 'vistas/img/productos/default/anonymous.png', 20, 1750, 2450, 0, '2017-12-21 21:56:28'),
(34, 3, '310', 'Eslinga para arnes', 'vistas/img/productos/default/anonymous.png', 20, 175, 245, 0, '2017-12-21 21:56:28'),
(35, 3, '311', 'Plataforma Met?lica', 'vistas/img/productos/default/anonymous.png', 20, 420, 588, 0, '2017-12-21 21:56:28'),
(36, 4, '401', 'Planta Electrica Diesel 6 Kva', 'vistas/img/productos/default/anonymous.png', 20, 3500, 4900, 0, '2017-12-21 21:56:28'),
(37, 4, '402', 'Planta Electrica Diesel 10 Kva', 'vistas/img/productos/default/anonymous.png', 20, 3550, 4970, 0, '2017-12-21 21:56:28'),
(38, 4, '403', 'Planta Electrica Diesel 20 Kva', 'vistas/img/productos/default/anonymous.png', 20, 3600, 5040, 0, '2017-12-21 21:56:28'),
(39, 4, '404', 'Planta Electrica Diesel 30 Kva', 'vistas/img/productos/default/anonymous.png', 20, 3650, 5110, 0, '2017-12-21 21:56:28'),
(40, 4, '405', 'Planta Electrica Diesel 60 Kva', 'vistas/img/productos/default/anonymous.png', 9, 3700, 5180, 11, '2022-09-02 17:15:58'),
(41, 4, '406', 'Planta Electrica Diesel 75 Kva', 'vistas/img/productos/default/anonymous.png', 20, 3750, 5250, 0, '2017-12-21 21:56:28'),
(42, 4, '407', 'Planta Electrica Diesel 100 Kva', 'vistas/img/productos/default/anonymous.png', 20, 3800, 5320, 0, '2017-12-21 21:56:28'),
(43, 4, '408', 'Planta Electrica Diesel 120 Kva', 'vistas/img/productos/default/anonymous.png', 20, 3850, 5390, 0, '2017-12-21 21:56:28'),
(44, 5, '501', 'Escalera de Tijera Aluminio ', 'vistas/img/productos/default/anonymous.png', 20, 350, 490, 0, '2017-12-21 21:56:28'),
(45, 5, '502', 'Extension Electrica ', 'vistas/img/productos/default/anonymous.png', 20, 370, 518, 0, '2017-12-21 21:56:28'),
(46, 5, '503', 'Gato tensor', 'vistas/img/productos/default/anonymous.png', 20, 380, 532, 0, '2017-12-21 21:56:28'),
(47, 5, '504', 'Lamina Cubre Brecha ', 'vistas/img/productos/default/anonymous.png', 20, 380, 532, 0, '2017-12-21 21:56:28'),
(48, 5, '505', 'Llave de Tubo', 'vistas/img/productos/default/anonymous.png', 20, 480, 672, 0, '2022-09-01 02:57:59'),
(49, 5, '506', 'Manila por Metro', 'vistas/img/productos/default/anonymous.png', 20, 600, 840, 0, '2017-12-21 21:56:28'),
(50, 5, '507', 'Polea 2 canales', 'vistas/img/productos/default/anonymous.png', 20, 900, 1260, 0, '2017-12-21 21:56:28'),
(51, 5, '508', 'Tensor', 'vistas/img/productos/508/500.jpg', 19, 100, 140, 1, '2017-12-26 22:26:51'),
(52, 5, '509', 'Bascula ', 'vistas/img/productos/509/878.jpg', 12, 130, 182, 8, '2017-12-26 22:26:51'),
(53, 5, '510', 'Bomba Hidrostatica', 'vistas/img/productos/510/870.jpg', 7, 770, 1078, 13, '2022-09-02 17:15:58'),
(54, 5, '511', 'Chapeta', 'vistas/img/productos/511/239.jpg', 16, 660, 924, 4, '2017-12-26 22:27:42'),
(55, 5, '512', 'Cilindro muestra de concreto', 'vistas/img/productos/512/266.jpg', 15, 400, 560, 5, '2022-09-01 02:29:49'),
(56, 5, '513', 'Cizalla de Palanca', 'vistas/img/productos/513/445.jpg', 2, 450, 630, 18, '2022-09-02 17:15:58'),
(57, 5, '514', 'Cizalla de Tijera', 'vistas/img/productos/514/249.jpg', 0, 580, 812, 14, '2022-09-02 17:15:58'),
(58, 5, '515', 'Coche llanta neumatica', 'vistas/img/productos/515/174.jpg', 16, 420, 588, 4, '2022-09-01 02:55:50'),
(59, 5, '516', 'Cono slump', 'vistas/img/productos/516/228.jpg', 14, 140, 196, 6, '2022-09-01 02:55:50'),
(60, 5, '517', 'CABEZAL PILOTO ESKABE 2000/3000KCAL', 'vistas/img/productos/517/344.jpg', 10, 930, 1302, 12, '2022-10-26 02:44:56'),
(62, 1, '118', 'CABEZAL PILOTO ESKABE 5000KCAL', 'vistas/img/productos/118/637.jpg', 1228, 1650, 3382.5, 3, '2022-10-26 02:44:56');

-- --------------------------------------------------------

--
-- Estructura de tabla para la tabla `usuarios`
--

CREATE TABLE `usuarios` (
  `id` int(11) NOT NULL,
  `nombre` text COLLATE utf8_spanish_ci NOT NULL,
  `usuario` text COLLATE utf8_spanish_ci NOT NULL,
  `password` text COLLATE utf8_spanish_ci NOT NULL,
  `perfil` text COLLATE utf8_spanish_ci NOT NULL,
  `foto` text COLLATE utf8_spanish_ci NOT NULL,
  `estado` int(11) DEFAULT NULL,
  `ultimo_login` datetime DEFAULT NULL,
  `fecha` timestamp NOT NULL DEFAULT current_timestamp() ON UPDATE current_timestamp()
) ENGINE=InnoDB DEFAULT CHARSET=utf8 COLLATE=utf8_spanish_ci;

--
-- Volcado de datos para la tabla `usuarios`
--

INSERT INTO `usuarios` (`id`, `nombre`, `usuario`, `password`, `perfil`, `foto`, `estado`, `ultimo_login`, `fecha`) VALUES
(1, 'Administrador', 'admin', '52d43559549d87ee74ac07a09c5f951b', 'Administrador', 'vistas/img/usuarios/admin/191.jpg', 1, '2022-10-26 10:44:22', '2022-10-26 15:44:22'),
(58, 'Julio Gómez', 'julio', '3214c8a4b00740b4bd2963ed339d8655', 'Especial', 'vistas/img/usuarios/julio/100.png', 1, '2022-08-31 22:01:37', '2022-09-01 03:01:37'),
(59, 'Anita Nunez', 'ana', '7f46a2e2ca42b879dc7bc2b62f2f2b55', 'Vendedor', 'vistas/img/usuarios/ana/260.png', 1, '2021-06-25 14:44:54', '2021-07-01 18:33:32');

-- --------------------------------------------------------

--
-- Estructura de tabla para la tabla `ventas`
--

CREATE TABLE `ventas` (
  `id` int(11) NOT NULL,
  `codigo` int(11) NOT NULL,
  `id_cliente` int(11) NOT NULL,
  `id_vendedor` int(11) NOT NULL,
  `productos` text COLLATE utf8_spanish_ci NOT NULL,
  `impuesto` float NOT NULL,
  `neto` float NOT NULL,
  `total` float NOT NULL,
  `metodo_pago` text COLLATE utf8_spanish_ci NOT NULL,
  `fecha` timestamp NOT NULL DEFAULT current_timestamp() ON UPDATE current_timestamp()
) ENGINE=InnoDB DEFAULT CHARSET=utf8 COLLATE=utf8_spanish_ci;

--
-- Volcado de datos para la tabla `ventas`
--

INSERT INTO `ventas` (`id`, `codigo`, `id_cliente`, `id_vendedor`, `productos`, `impuesto`, `neto`, `total`, `metodo_pago`, `fecha`) VALUES
(17, 10001, 3, 1, '[{\"id\":\"1\",\"descripcion\":\"Aspiradora Industrial \",\"cantidad\":\"2\",\"stock\":\"13\",\"precio\":\"1200\",\"total\":\"2400\"},{\"id\":\"2\",\"descripcion\":\"Plato Flotante para Allanadora\",\"cantidad\":\"2\",\"stock\":\"7\",\"precio\":\"6300\",\"total\":\"12600\"}]', 2850, 15000, 17850, 'Efectivo', '2022-10-26 01:22:12');

--
-- Índices para tablas volcadas
--

--
-- Indices de la tabla `categorias`
--
ALTER TABLE `categorias`
  ADD PRIMARY KEY (`id`);

--
-- Indices de la tabla `clientes`
--
ALTER TABLE `clientes`
  ADD PRIMARY KEY (`id`);

--
-- Indices de la tabla `productos`
--
ALTER TABLE `productos`
  ADD PRIMARY KEY (`id`);

--
-- Indices de la tabla `usuarios`
--
ALTER TABLE `usuarios`
  ADD PRIMARY KEY (`id`);

--
-- Indices de la tabla `ventas`
--
ALTER TABLE `ventas`
  ADD PRIMARY KEY (`id`);

--
-- AUTO_INCREMENT de las tablas volcadas
--

--
-- AUTO_INCREMENT de la tabla `categorias`
--
ALTER TABLE `categorias`
  MODIFY `id` int(11) NOT NULL AUTO_INCREMENT, AUTO_INCREMENT=10;

--
-- AUTO_INCREMENT de la tabla `clientes`
--
ALTER TABLE `clientes`
  MODIFY `id` int(11) NOT NULL AUTO_INCREMENT, AUTO_INCREMENT=14;

--
-- AUTO_INCREMENT de la tabla `productos`
--
ALTER TABLE `productos`
  MODIFY `id` int(11) NOT NULL AUTO_INCREMENT, AUTO_INCREMENT=63;

--
-- AUTO_INCREMENT de la tabla `usuarios`
--
ALTER TABLE `usuarios`
  MODIFY `id` int(11) NOT NULL AUTO_INCREMENT, AUTO_INCREMENT=61;

--
-- AUTO_INCREMENT de la tabla `ventas`
--
ALTER TABLE `ventas`
  MODIFY `id` int(11) NOT NULL AUTO_INCREMENT, AUTO_INCREMENT=45;
COMMIT;

/*!40101 SET CHARACTER_SET_CLIENT=@OLD_CHARACTER_SET_CLIENT */;
/*!40101 SET CHARACTER_SET_RESULTS=@OLD_CHARACTER_SET_RESULTS */;
/*!40101 SET COLLATION_CONNECTION=@OLD_COLLATION_CONNECTION */;
